[
	{
		"id": {
			"id": "00000000-0000-0000-0000-000000000001",
			"subresource": 0
		},
		"meta": {
			"path": "base_stub.png",
			"type": "Texture2D",
			"loader_id": "a2227622-70bb-4b66-bab0-1d92d292a75c",
			"name": "BaseColor"
		}
	},
	{
		"id": {
			"id": "00000000-0000-0000-0000-000000000002",
			"subresource": 0
		},
		"meta": {
			"path": "metal_stub.png",
			"type": "Texture2D",
			"loader_id": "a2227622-70bb-4b66-bab0-1d92d292a75c",
			"name": "Metallic"
		}
	},
	{
		"id": {
			"id": "00000000-0000-0000-0000-000000000003",
			"subresource": 0
		},
		"meta": {
			"path": "spec_stub.png",
			"type": "Texture2D",
			"loader_id": "a2227622-70bb-4b66-bab0-1d92d292a75c",
			"name": "Specular"
		}
	},
	{
		"id": {
			"id": "00000000-0000-0000-0000-000000000004",
			"subresource": 0
		},
		"meta": {
			"path": "roug_stub.png",
			"type": "Texture2D",
			"loader_id": "a2227622-70bb-4b66-bab0-1d92d292a75c",
			"name": "Roughness"
		}
	},
	{
		"id": {
			"id": "00000000-0000-0000-0000-000000000005",
			"subresource": 0
		},
		"meta": {
			"path": "aniso_stub.png",
			"type": "Texture2D",
			"loader_id": "a2227622-70bb-4b66-bab0-1d92d292a75c",
			"name": "Anisotropy"
		}
	},
	{
		"id": {
			"id": "00000000-0000-0000-0000-000000000006",
			"subresource": 0
		},
		"meta": {
			"path": "emiss_stub.png",
			"type": "Texture2D",
			"loader_id": "a2227622-70bb-4b66-bab0-1d92d292a75c",
			"name": "Emissive"
		}
	},
	{
		"id": {
			"id": "00000000-0000-0000-0000-000000000007",
			"subresource": 0
		},
		"meta": {
			"path": "opaci_stub.png",
			"type": "Texture2D",
			"loader_id": "a2227622-70bb-4b66-bab0-1d92d292a75c",
			"name": "Opacity"
		}
	},
	{
		"id": {
			"id": "00000000-0000-0000-0000-000000000008",
			"subresource": 0
		},
		"meta": {
			"path": "norm_stab.png",
			"type": "Texture2D",
			"loader_id": "a2227622-70bb-4b66-bab0-1d92d292a75c",
			"name": "Normal"
		}
	},
	{
		"id": {
			"id": "00000000-0000-0000-0000-000000000009",
			"subresource": 0
		},
		"meta": {
			"path": "DefaultMaterial.mat",
			"type": "Material",
			"loader_id": "a2227623-70bb-4b66-bab0-1d92d292a75c",
			"name": "DefaultUnlitOpaque"
		}
	},
	{
		"id": {
			"id": "00000000-0000-0000-0000-00000000000a",
			"subresource": 0
		},
		"meta": {
			"path": "DefaultLitMaterial.mat",
			"type": "Material",
			"loader_id": "a2227623-70bb-4b66-bab0-1d92d292a75c",
			"name": "DefaultLitOpaque"
		}
	},
	{
		"id": {
			"id": "00000000-0000-0000-0000-00000000000b",
			"subresource": 0
		},
		"meta": {
			"path": "cube.fbx",
			"type": "Mesh",
			"loader_id": "ab702a1d-3b4f-4782-bac3-3af95b3145ac",
			"name": "Cube"
		}
	},
	{
		"id": {
			"id": "00000000-0000-0000-0000-00000000000c",
			"subresource": 0
		},
		"meta": {
			"path": "sphere.fbx",
			"type": "Mesh",
			"loader_id": "ab702a1d-3b4f-4782-bac3-3af95b3145ac",
			"name": "Sphere"
		}
	},
	{
		"id": {
			"id": "00000000-0000-0000-0000-00000000000d",
			"subresource": 0
		},
		"meta": {
			"path": "DefaultLevel.level",
			"type": "Level",
			"loader_id": "a2227623-70bb-4b66-bab0-1d92d492a75c",
			"name": "DefaultLevel"
		}
	}
]